{
    "cv1": {
        "f1": 0.7797980904579163,
        "precision": 0.7868612408638,
        "recall": 0.7791920900344849
    },
    "cv2": {
        "f1": 0.7397065758705139,
        "precision": 0.7576851844787598,
        "recall": 0.7400094866752625
    },
    "cv3": {
        "f1": 0.8372756242752075,
        "precision": 0.8491771817207336,
        "recall": 0.8313423991203308
    },
    "cv4": {
        "f1": 0.7311375737190247,
        "precision": 0.7509464025497437,
        "recall": 0.7305034399032593
    },
    "cv5": {
        "f1": 0.8210431933403015,
        "precision": 0.8277397155761719,
        "recall": 0.8232831954956055
    },
    "summary": {
        "f1_mean": 0.7817922115325928,
        "f1_max": 0.8372756242752075,
        "f1_min": 0.7311375737190247,
        "precision_mean": 0.7944819450378418,
        "precision_max": 0.8491771817207336,
        "precision_min": 0.7509464025497437,
        "recall_mean": 0.7808661222457886,
        "recall_max": 0.8313423991203308,
        "recall_min": 0.7305034399032593
    }
}