{
    "cv1": {
        "f1": 0.752526044845581,
        "precision": 0.7733165621757507,
        "recall": 0.751578688621521
    },
    "cv2": {
        "f1": 0.7019230127334595,
        "precision": 0.7139841914176941,
        "recall": 0.7117875814437866
    },
    "cv3": {
        "f1": 0.8003557324409485,
        "precision": 0.8065285682678223,
        "recall": 0.7993112802505493
    },
    "cv4": {
        "f1": 0.7111379504203796,
        "precision": 0.7319296598434448,
        "recall": 0.7151001691818237
    },
    "cv5": {
        "f1": 0.8590895533561707,
        "precision": 0.8647100329399109,
        "recall": 0.8588359951972961
    },
    "summary": {
        "f1_mean": 0.7650064587593078,
        "f1_max": 0.8590895533561707,
        "f1_min": 0.7019230127334595,
        "precision_mean": 0.7780938029289246,
        "precision_max": 0.8647100329399109,
        "precision_min": 0.7139841914176941,
        "recall_mean": 0.7673227429389954,
        "recall_max": 0.8588359951972961,
        "recall_min": 0.7117875814437866
    }
}